{
  "debug": 0,
  "sampleRate": 500,
  "savingRate": 5000,
  "currentGain": -0.0584633,
  "currentOffset": 34.5674,
  "voltageGain": 0.0790135,
  "voltageOffset": -0.214161
}
